"","p.value.I","p.value.II","p.value.III"
"II",0,NA,NA
"III",0.012253874907682,7.39672465499552e-07,NA
"IV",2.00037559938693e-06,0.00790873503070755,0.28676505928542
