"","p.value.I","p.value.II","p.value.III"
"II",0.0305433649912024,NA,NA
"III",0.98077053306347,0.165796387441192,NA
"IV",0.0342943538182628,0.994498745545769,0.149582522059476
